fecha,farmacia,principio_activo,concentracion,producto,marca,presentacion,unidades,precio,precio_lista,precio_unidad,url
2026-10-08,La Rebaja,acetaminofen,100 mg,ASA MK 100 MG (MK),MK,CAJA X 20 TAB,20,9100,9100,455,https://www.larebajavirtual.com/asa-mk-100-mg-mk-46965/p
2026-10-08,La Rebaja,acetaminofen,500 mg,ACETAMINOFEN 500 MG (AG),AG,CAJA X 100 TAB,100,23100,23100,231,https://www.larebajavirtual.com/kit-acetaminofen-500-mg-ag-61755/p
2026-10-08,La Rebaja,acetaminofen,500 mg,ACETAMINOFEN 500 MG (AG),AG,BLISTER X 10,10,2400,2400,240,https://www.larebajavirtual.com/acetaminofen-500-mg-ag-61755/p
2026-10-08,La Rebaja,acetaminofen,500 mg,ACETAMINOFEN 500 MG (COASPHARMA),COASPHARMA,CAJA X 300 TAB,300,61400,61400,204.67,https://www.larebajavirtual.com/kit-acetaminofen-500-mg-coaspharma-116566/p
2026-10-08,La Rebaja,acetaminofen,500 mg,ACETAMINOFEN 500 MG (COASPHARMA),COASPHARMA,BLISTER X 10,10,2100,2100,210,https://www.larebajavirtual.com/acetaminofen-500-mg-coaspharma-116566/p
2026-10-08,La Rebaja,acetaminofen,500 mg,ACETAMINOFEN 500 MG (GENFAR),GENFAR,CAJA X 100 TAB,100,18820,25100,188.20,https://www.larebajavirtual.com/kit-acetaminofen-500-mg-genfar-38045/p
2026-10-08,La Rebaja,acetaminofen,500 mg,ACETAMINOFEN 500 MG (GENFAR),GENFAR,BLISTER X 10,10,2600,2600,260,https://www.larebajavirtual.com/acetaminofen-500-mg-genfar-38045/p
2026-10-08,La Rebaja,acetaminofen,500 mg,ACETAMINOFEN 500 MG (LA SANTE),LA SANTE,CAJA X 100 TAB,100,22300,22300,223,https://www.larebajavirtual.com/kit-acetaminofen-500-mg-la-sante-47431/p
2026-10-08,La Rebaja,acetaminofen,500 mg,ACETAMINOFEN 500 MG (LA SANTE),LA SANTE,BLISTER X 10,10,2300,2300,230,https://www.larebajavirtual.com/acetaminofen-500-mg-la-sante-47431/p
2026-10-08,La Rebaja,acetaminofen,500 mg,ACETAMINOFEN 500 MG (MK),TECNOQUIMICAS,CAJA X 50 TAB,50,31900,31900,638,https://www.larebajavirtual.com/kit-acetaminofen-500-mg-mk-157953/p
2026-10-08,La Rebaja,acetaminofen,500 mg,ACETAMINOFEN 500 MG (MK),TECNOQUIMICAS,BLIESTER X 10,10,6400,6400,640,https://www.larebajavirtual.com/acetaminofen-500-mg-mk-157953/p
2026-10-08,La Rebaja,acetaminofen,500 mg,ACETAMINOFEN 500 MG (MK),MK,CAJA X 100 TAB,100,64400,64400,644,https://www.larebajavirtual.com/kit-acetaminofen-500-mg-mk-46962/p
2026-10-08,La Rebaja,acetaminofen,500 mg,ACETAMINOFEN 500 MG (MK),MK,BLISTER X 10,10,6500,6500,650,https://www.larebajavirtual.com/acetaminofen-500-mg-mk-46962/p
2026-10-08,La Rebaja,acetaminofen,500 mg,ACETAMINOFEN 500 MG (MK),MK,CAJA X 16 TAB,16,14400,14400,900,https://www.larebajavirtual.com/acetaminofen-500-mg-mk-145047/p
2026-10-08,La Rebaja,acetaminofen,500 mg,CRONOFEN 500 MG,CRONOFEN,CAJA X 10 TAB,10,8800,8800,880,https://www.larebajavirtual.com/cronofen-500-mg-154758/p
2026-10-08,La Rebaja,acetaminofen,500 mg,DOLEX AVANZADO 500 MG,DOLEX,CAJA X 200 TAB,200,186600,186600,933,https://www.larebajavirtual.com/kit-dolex-avanzado-500-mg-156784/p
2026-10-08,La Rebaja,acetaminofen,500 mg,DOLEX AVANZADO 500 MG,DOLEX,BLISTER X 10,10,9400,9400,940,https://www.larebajavirtual.com/dolex-avanzado-500-mg-156784/p
2026-10-08,La Rebaja,acetaminofen,500 mg,DOLEX AVANZADO 500 MG,DOLEX,FRASCO X 24 TAB,24,27450,32300,1143.75,https://www.larebajavirtual.com/dolex-avanzado-500-mg-156785/p
2026-10-08,La Rebaja,acetaminofen,500 mg,DOLICOX 500 MG,DOLICOX,CAJA X 20 TAB,20,16000,16000,800,https://www.larebajavirtual.com/dolicox-500-mg-154729/p
2026-10-08,La Rebaja,acetaminofen,500 mg,DOLOFEN 500 MG,DOLOFEN,CAJA X 60 CAP,60,57300,57300,955,https://www.larebajavirtual.com/kit-dolofen-500-mg-25848/p
2026-10-08,La Rebaja,acetaminofen,500 mg,DOLOFEN 500 MG,DOLOFEN,BLISTER X 4,4,3840,3840,960,https://www.larebajavirtual.com/dolofen-500-mg-25848/p
2026-10-08,La Rebaja,acetaminofen,500 mg,DOLOFEN 500 MG,DOLOFEN,CAJA X 20 CAPSULA BLANDA,20,20200,20200,1010,https://www.larebajavirtual.com/dolofen-500-mg-146165/p
2026-10-08,La Rebaja,acetaminofen,500 mg,DOLOFEN GRIPA 500 MG,DOLOFEN,CAJA X 10 CAPSULA BLANDA,10,15100,15100,1510,https://www.larebajavirtual.com/dolofen-gripa-500-mg-150872/p
2026-10-08,La Rebaja,amlodipino,10 mg,AMLODIPINO 10 MG (COASPHARMA),COASPHARMA,CAJA X 10 TAB,10,11700,11700,1170,https://www.larebajavirtual.com/amlodipino-10-mg-coaspharma-36956/p
2026-10-08,La Rebaja,amlodipino,10 mg,AMLODIPINO 10 MG (LA SANTE),LA SANTE,CAJA X 10 TAB,10,15900,15900,1590,https://www.larebajavirtual.com/amlodipino-10-mg-la-sante-43880/p
2026-10-08,La Rebaja,amlodipino,10 mg,AMLODIPINO 10 MG (MK),MK,CAJA X 30 TAB,30,65000,65000,2166.67,https://www.larebajavirtual.com/amlodipino-10-mg-mk-150527/p
2026-10-08,La Rebaja,amlodipino,5 mg,AMLODIPINO 5 MG (COASPHARMA),COASPHARMA,CAJA X 10 TAB,10,9300,9300,930,https://www.larebajavirtual.com/amlodipino-5-mg-coaspharma-36955/p
2026-10-08,La Rebaja,amlodipino,5 mg,AMLODIPINO 5 MG (GENFAR),GENFAR,CAJA X 30 TAB,30,24840,27600,828,https://www.larebajavirtual.com/amlodipino-5-mg-genfar-152967/p
2026-10-08,La Rebaja,amlodipino,5 mg,AMLODIPINO 5 MG (GENFAR),GENFAR,CAJA X 10 TAB,10,8830,9300,883,https://www.larebajavirtual.com/amlodipino-5-mg-genfar-30707/p
2026-10-08,La Rebaja,amlodipino,5 mg,AMLODIPINO 5 MG (LA SANTE),LA SANTE,CAJA X 10 TAB,10,8900,8900,890,https://www.larebajavirtual.com/amlodipino-5-mg-la-sante-38387/p
2026-10-08,La Rebaja,amlodipino,5 mg,AMLODIPINO 5 MG (MK),MK,CAJA X 30 TAB,30,29800,29800,993.33,https://www.larebajavirtual.com/amlodipino-5-mg-mk-145046/p
2026-10-08,La Rebaja,atorvastatina,10 mg,ATORVASTATINA 10 MG (LA SANTE),LA SANTE,CAJA X 30 TAB,30,79900,79900,2663.33,https://www.larebajavirtual.com/atorvastatina-10-mg-la-sante-147386/p
2026-10-08,La Rebaja,atorvastatina,20 mg,ATORVASTATINA 20 MG (COASPHARMA),COASPHARMA,CAJA X 30 TAB,30,43200,43200,1440,https://www.larebajavirtual.com/atorvastatina-20-mg-coaspharma-73331/p
2026-10-08,La Rebaja,atorvastatina,20 mg,ATORVASTATINA 20 MG (COASPHARMA),COASPHARMA,CAJA X 10 TAB,10,18000,18000,1800,https://www.larebajavirtual.com/atorvastatina-20-mg-coaspharma-73330/p
2026-10-08,La Rebaja,atorvastatina,20 mg,ATORVASTATINA 20 MG (LA SANTE),LA SANTE,CAJA X 30 TAB,30,72600,72600,2420,https://www.larebajavirtual.com/atorvastatina-20-mg-la-sante-147387/p
2026-10-08,La Rebaja,atorvastatina,20 mg,ATORVASTATINA 20 MG (MK),MK,CAJA X 30 TAB,30,94100,94100,3136.67,https://www.larebajavirtual.com/atorvastatina-20-mg-mk-124171/p
2026-10-08,La Rebaja,atorvastatina,20 mg,FARMALIP 20 MG,FARMALIP,CAJA X 10 TAB,10,22400,22400,2240,https://www.larebajavirtual.com/farmalip-20-mg-52444/p
2026-10-08,La Rebaja,atorvastatina,20 mg,LIPITOR 20 MG,LIPITOR,CAJA X 30 TAB,30,117500,117500,3916.67,https://www.larebajavirtual.com/lipitor-20-mg-91450/p
2026-10-08,La Rebaja,atorvastatina,40 mg,ATORVASTATINA 40 MG (MK),MK,CAJA X 30 TAB,30,128800,128800,4293.33,https://www.larebajavirtual.com/atorvastatina-40-mg-mk-115558/p
2026-10-08,La Rebaja,atorvastatina,40 mg,ATORVASTATINA 40MG (LA SANTE),LA SANTE,CAJA X 30 TAB,30,104400,104400,3480,https://www.larebajavirtual.com/atorvastatina-40mg-la-sante-148787/p
2026-10-08,La Rebaja,atorvastatina,40 mg,FARMALIP 40 MG,FARMALIP,CAJA X 30 TAB,30,93900,93900,3130,https://www.larebajavirtual.com/farmalip-40-mg-105883/p
2026-10-08,La Rebaja,desloratadina,5 mg,DESLORATADINA 5 MG (COASPHARMA),COASPHARMA,CAJA X 10 TAB,10,22100,22100,2210,https://www.larebajavirtual.com/desloratadina-5-mg-coaspharma-128487/p
2026-10-08,La Rebaja,desloratadina,5 mg,DESLORATADINA 5 MG (GENFAR),GENFAR,CAJA X 10 COMP,10,31500,35000,3150,https://www.larebajavirtual.com/desloratadina-5-mg-genfar-61041/p
2026-10-08,La Rebaja,desloratadina,5 mg,DESLORATADINA 5 MG (MK),MK,CAJA X 10 TAB,10,55300,55300,5530,https://www.larebajavirtual.com/desloratadina-5-mg-mk-47495/p
2026-10-08,La Rebaja,esomeprazol,20 mg,ESOMEPRAZOL 20 MG (AG),AG,CAJA X 14 TAB,14,49300,49300,3521.43,https://www.larebajavirtual.com/esomeprazol-20-mg-ag-18141/p
2026-10-08,La Rebaja,esomeprazol,20 mg,ESOMEPRAZOL 20 MG (MK),MK,CAJA X 30 TAB,30,118100,118100,3936.67,https://www.larebajavirtual.com/esomeprazol-20-mg-mk-119924/p
2026-10-08,La Rebaja,esomeprazol,20 mg,ESOMEPRAZOL 20 MG (MK),MK,CAJA X 10 TAB,10,39800,39800,3980,https://www.larebajavirtual.com/esomeprazol-20-mg-mk-59788/p
2026-10-08,La Rebaja,esomeprazol,40 mg,ESOMEPRAZOL 40 MG (LA SANTE),LA SANTE,CAJA X 30 TAB,30,95400,95400,3180,https://www.larebajavirtual.com/esomeprazol-40-mg-la-sante-150827/p
2026-10-08,La Rebaja,esomeprazol,40 mg,ESOMEPRAZOL 40 MG (MK),MK,CAJA X 30 TAB,30,119500,119500,3983.33,https://www.larebajavirtual.com/esomeprazol-40-mg-mk-119842/p
2026-10-08,La Rebaja,esomeprazol,40 mg,ESOMEPRAZOL 40 MG (MK),MK,CAJA X 10 TAB,10,41700,41700,4170,https://www.larebajavirtual.com/esomeprazol-40-mg-mk-47496/p
2026-10-08,La Rebaja,ibuprofeno,4 mg,TIOCOLSID 4 MG,TIOCOLSID,CAJA X 20 TAB,20,95700,95700,4785,https://www.larebajavirtual.com/tiocolsid-4-mg-65310/p
2026-10-08,La Rebaja,ibuprofeno,400 mg,ADVIL MAX 400 MG,ADVIL,CAJA X 72 CAP,72,160200,160200,2225,https://www.larebajavirtual.com/kit-advil-max-400-mg-156356/p
2026-10-08,La Rebaja,ibuprofeno,400 mg,ADVIL MAX 400 MG,ADVIL,BLISTER X 4,4,8920,8920,2230,https://www.larebajavirtual.com/advil-max-400-mg-156356/p
2026-10-08,La Rebaja,ibuprofeno,400 mg,GOFEN FORTE 400 MG,GOFEN,BLISTER X 10,10,13000,13000,1300,https://www.larebajavirtual.com/gofen-forte-400-mg-142242/p
2026-10-08,La Rebaja,ibuprofeno,400 mg,GOFEN FORTE 400 MG,GOFEN,CAJA X 60 CAPSULA BLANDA,60,78000,78000,1300,https://www.larebajavirtual.com/kit-gofen-forte-400-mg-142242/p
2026-10-08,La Rebaja,ibuprofeno,400 mg,GOFEN FORTE 400 MG (IBUPROFENO),GOFEN,CAJA X 10 CAP,10,13000,13000,1300,https://www.larebajavirtual.com/gofen-400-mg-157778/p
2026-10-08,La Rebaja,ibuprofeno,400 mg,IBUDOL 400 MG,IBUDOL,CAJA X 12 CAP,12,20600,20600,1716.67,https://www.larebajavirtual.com/ibudol-400-mg-93166/p
2026-10-08,La Rebaja,ibuprofeno,400 mg,IBUDOL SOFT 400 MG,IBUDOL,CAJA X 30 CAPSULA BLANDA,30,47000,47000,1566.67,https://www.larebajavirtual.com/kit-ibudol-soft-400-mg-150460/p
2026-10-08,La Rebaja,ibuprofeno,400 mg,IBUDOL SOFT 400 MG,IBUDOL,BLISTER X 6,6,9420,9420,1570,https://www.larebajavirtual.com/ibudol-soft-400-mg-150460/p
2026-10-08,La Rebaja,ibuprofeno,400 mg,IBUFLASH 400 MG,IBUFLASH,CAJA X 8 UND,8,11200,11200,1400,https://www.larebajavirtual.com/ibuflash-400-mg-60106/p
2026-10-08,La Rebaja,ibuprofeno,400 mg,IBUPROFENO 400 MG (COASPHARMA),COASPHARMA,CAJA X 60 TAB,60,25400,25400,423.33,https://www.larebajavirtual.com/kit-ibuprofeno-400-mg-coaspharma-33675/p
2026-10-08,La Rebaja,ibuprofeno,400 mg,IBUPROFENO 400 MG (COASPHARMA),COASPHARMA,BLISTER X 10,10,4300,4300,430,https://www.larebajavirtual.com/ibuprofeno-400-mg-coaspharma-33675/p
2026-10-08,La Rebaja,ibuprofeno,400 mg,IBUPROFENO 400 MG (MK),MK,CAJA X 100 TAB,100,31500,31500,315,https://www.larebajavirtual.com/kit-ibuprofeno-400-mg-mk-42987/p
2026-10-08,La Rebaja,ibuprofeno,400 mg,IBUPROFENO 400 MG (MK),MK,BLISTER X 10,10,3200,3200,320,https://www.larebajavirtual.com/ibuprofeno-400-mg-mk-42987/p
2026-10-08,La Rebaja,ibuprofeno,600 mg,IBUPROFENO 600 MG(COASPHARMA),COASPHARMA,BLISTER X 10,10,4300,4300,430,https://www.larebajavirtual.com/ibuprofeno-600-mg-coaspharma-33647/p
2026-10-08,La Rebaja,ibuprofeno,600 mg,IBUPROFENO 600 MG(COASPHARMA),COASPHARMA,CAJA X 60 TAB,60,25800,25800,430,https://www.larebajavirtual.com/kit-ibuprofeno-600-mg-coaspharma-33647/p
2026-10-08,La Rebaja,ibuprofeno,600 mg,PIRE-FEN 600 MG,PIRE-FEN,CAJA X 60 TAB,60,83000,83000,1383.33,https://www.larebajavirtual.com/kit-pire-fen-600-mg-146272/p
2026-10-08,La Rebaja,ibuprofeno,600 mg,PIRE-FEN 600 MG,PIRE-FEN,BLISTER X 10,10,13900,13900,1390,https://www.larebajavirtual.com/pire-fen-600-mg-146272/p
2026-10-08,La Rebaja,ibuprofeno,800 mg,IBUPROFENO 800 MG (AG),AG,CAJA X 50 TAB,50,21500,21500,430,https://www.larebajavirtual.com/kit-ibuprofeno-800-mg-ag-22703/p
2026-10-08,La Rebaja,ibuprofeno,800 mg,IBUPROFENO 800 MG (AG),AG,BLISTER X 10,10,4300,4300,430,https://www.larebajavirtual.com/ibuprofeno-800-mg-ag-22703/p
2026-10-08,La Rebaja,ibuprofeno,800 mg,IBUPROFENO 800 MG (COASPHARMA),COASPHARMA,CAJA X 60 TAB,60,27500,27500,458.33,https://www.larebajavirtual.com/kit-ibuprofeno-800-mg-coaspharma-13997/p
2026-10-08,La Rebaja,ibuprofeno,800 mg,IBUPROFENO 800 MG (COASPHARMA),COASPHARMA,BLISTER X 10,10,4600,4600,460,https://www.larebajavirtual.com/ibuprofeno-800-mg-coaspharma-13997/p
2026-10-08,La Rebaja,ibuprofeno,800 mg,IBUPROFENO 800 MG (GENFAR),GENFAR,CAJA X 50 TAB,50,19630,23100,392.60,https://www.larebajavirtual.com/kit-ibuprofeno-800-mg-genfar-38260/p
2026-10-08,La Rebaja,ibuprofeno,800 mg,IBUPROFENO 800 MG (GENFAR),GENFAR,BLISTER X 10,10,4700,4700,470,https://www.larebajavirtual.com/ibuprofeno-800-mg-genfar-38260/p
2026-10-08,La Rebaja,ibuprofeno,800 mg,IBUPROFENO 800 MG (MK),MK,CAJA X 50 TAB,50,36300,36300,726,https://www.larebajavirtual.com/kit-ibuprofeno-800-mg-mk-42989/p
2026-10-08,La Rebaja,ibuprofeno,800 mg,IBUPROFENO 800 MG (MK),MK,BLISTER X 10,10,7300,7300,730,https://www.larebajavirtual.com/ibuprofeno-800-mg-mk-42989/p
2026-10-08,La Rebaja,ibuprofeno,800 mg,IBUPROFENO 800 MG (MK),MK,BLISTER X 10,10,14100,14100,1410,https://www.larebajavirtual.com/ibuprofeno-800-mg-mk-123700/p
2026-10-08,La Rebaja,ibuprofeno,800 mg,IBUPROFENO 800 MG (MK),MK,CAJA X 30 CAPSULA BLANDA,30,42300,42300,1410,https://www.larebajavirtual.com/kit-ibuprofeno-800-mg-mk-123700/p
2026-10-08,La Rebaja,ibuprofeno,800 mg,PIREFEN 800 MG,PIREFEN,CAJA X 60 TAB,60,128630,135400,2143.83,https://www.larebajavirtual.com/kit-pirefen-800-mg-39287/p
2026-10-08,La Rebaja,ibuprofeno,800 mg,PIREFEN 800 MG,PIREFEN,BLISTER X 10,10,22600,22600,2260,https://www.larebajavirtual.com/pirefen-800-mg-39287/p
2026-10-08,La Rebaja,loratadina,10 mg,HISTAPEN 10 MG,HISTAPEN,CAJA X 10 TAB,10,35700,35700,3570,https://www.larebajavirtual.com/histapen-32173/p
2026-10-08,La Rebaja,loratadina,10 mg,LORATADINA 10 MG (AG),AG,CAJA X 20 TAB,20,9500,9500,475,https://www.larebajavirtual.com/loratadina-10-mg-ag-18134/p
2026-10-08,La Rebaja,loratadina,10 mg,LORATADINA 10 MG (COASPHARMA),COASPHARMA,CAJA X 10 TAB,10,5300,5300,530,https://www.larebajavirtual.com/loratadina-10-mg-coaspharma-33671/p
2026-10-08,La Rebaja,loratadina,10 mg,LORATADINA 10 MG (LA SANTE),LA SANTE,CAJA X 10 TAB,10,4700,4700,470,https://www.larebajavirtual.com/loratadina-10-mg-la-sante-38093/p
2026-10-08,La Rebaja,loratadina,10 mg,LORATADINA 10 MG (MK),MK,CAJA X 10 TAB,10,6600,6600,660,https://www.larebajavirtual.com/loratadina-10-mg-mk-42996/p
2026-10-08,La Rebaja,losartan,100 mg,LOSARTAN 100 MG (MK),MK,CAJA X 30 TAB,30,78200,78200,2606.67,https://www.larebajavirtual.com/losartan-100-mg-mk-148428/p
2026-10-08,La Rebaja,losartan,100 mg,LOSARTAN POTASICO 100 MG (LA SANTE),LA SANTE,CAJA X 30 TAB,30,65400,65400,2180,https://www.larebajavirtual.com/losartan-potasico-100-mg-la-sante-105532/p
2026-10-08,La Rebaja,losartan,50 mg,LOSARTAN 50 MG (COASPHARMA),COASPHARMA,CAJA X 30 TAB,30,16200,16200,540,https://www.larebajavirtual.com/losartan-50-mg-coaspharma-64308/p
2026-10-08,La Rebaja,losartan,50 mg,LOSARTAN 50 MG (MK),MK,CAJA X 30 TAB,30,30600,30600,1020,https://www.larebajavirtual.com/losartan-50-mg-mk-124175/p
2026-10-08,La Rebaja,losartan,50 mg,LOSARTAN POTASICO 50 MG (GENFAR),GENFAR,CAJA X 30 TAB,30,14100,28200,470,https://www.larebajavirtual.com/losartan-potasico-50-mg-genfar-37060/p
2026-10-08,La Rebaja,losartan,50 mg,LOSARTAN POTASICO 50 MG (LA SANTE),LA SANTE,CAJA X 30 TAB,30,24600,24600,820,https://www.larebajavirtual.com/losartan-potasico-50-mg-la-sante-39583/p
2026-10-08,La Rebaja,metformina,1000 mg,GLUCOPHAGE 1000 MG,GLUCOPHAGE,CAJA X 30 TAB,30,93800,93800,3126.67,https://www.larebajavirtual.com/glucophage-1000-mg-37314/p
2026-10-08,La Rebaja,metformina,1000 mg,GLUCOPHAGE XR 1000 MG,GLUCOPHAGE,CAJA X 30 TAB,30,127900,127900,4263.33,https://www.larebajavirtual.com/glucophage-xr-1000-mg-92614/p
2026-10-08,La Rebaja,metformina,1000 mg,METFORMINA 1000 MG (MK),MK,CAJA X 30 TAB,30,67800,67800,2260,https://www.larebajavirtual.com/metformina-1000-mg-mk-158129/p
2026-10-08,La Rebaja,metformina,500 mg,GLUCOPHAGE 500 MG,GLUCOPHAGE,CAJA X 30 TAB,30,71000,71000,2366.67,https://www.larebajavirtual.com/glucophage-500-mg-12663/p
2026-10-08,La Rebaja,metformina,500 mg,GLUCOPHAGE XR 500 MG,GLUCOPHAGE,CAJA X 30 TAB,30,74500,74500,2483.33,https://www.larebajavirtual.com/glucophage-xr-500-mg-44585/p
2026-10-08,La Rebaja,metformina,500 mg,METFORMINA 500 MG (GENFAR),GENFAR,CAJA X 30 TAB,30,59660,62800,1988.67,https://www.larebajavirtual.com/metformina-500-mg-genfar-105422/p
2026-10-08,La Rebaja,metformina,500 mg,METFORMINA 500 MG (MK),MK,CAJA X 30 TAB,30,47100,47100,1570,https://www.larebajavirtual.com/metformina-500-mg-mk-158130/p
2026-10-08,La Rebaja,metformina,750 mg,GLUCOPHAGE XR 750 MG,GLUCOPHAGE,CAJA X 30 TAB,30,121700,121700,4056.67,https://www.larebajavirtual.com/glucophage-xr-750-mg-64296/p
2026-10-08,La Rebaja,metformina,850 mg,GLUCOPHAGE 850 MG,GLUCOPHAGE,CAJA X 30 TAB,30,85700,85700,2856.67,https://www.larebajavirtual.com/glucophage-850-mg-13860/p
2026-10-08,La Rebaja,metformina,850 mg,METFORMINA 850 MG (DIABETRICS),DIABETRICS,CAJA X 30 TAB,30,34400,34400,1146.67,https://www.larebajavirtual.com/metformina-850-mg-diabetrics-118186/p
2026-10-08,La Rebaja,metformina,850 mg,METFORMINA 850 MG (GENFAR),GENFAR,CAJA X 30 TAB,30,33830,39800,1127.67,https://www.larebajavirtual.com/metformina-850-mg-genfar-34345/p
2026-10-08,La Rebaja,metformina,850 mg,METFORMINA 850 MG (MK),MK,CAJA X 30 TAB,30,48100,48100,1603.33,https://www.larebajavirtual.com/metformina-850-mg-mk-43004/p
2026-10-08,La Rebaja,omeprazol,10 mg,GENOPRAZOL CAPSULA OMEPRAZOL 10 MG,GENOPRAZOL,CAJA X 14 CAP,14,6900,6900,492.86,https://www.larebajavirtual.com/genoprazol-capsula-omeprazol-10-mg-105287/p
2026-10-08,La Rebaja,omeprazol,20 mg,GENOPRAZOL CAPSULA OMEPRAZOL 20 MG,GENOPRAZOL,CAJA X 14 CAP,14,12900,12900,921.43,https://www.larebajavirtual.com/genoprazol-capsula-omeprazol-20-mg-105423/p
2026-10-08,La Rebaja,omeprazol,20 mg,OMEPRAZOL 20 MG (LA SANTE),LA SANTE,CAJA X 30 CAP,30,11400,11400,380,https://www.larebajavirtual.com/omeprazol-20-mg-la-sante-146234/p
2026-10-08,La Rebaja,omeprazol,20 mg,OMEPRAZOL 20 MG (MK),MK,CAJA X 30 CAP,30,21400,21400,713.33,https://www.larebajavirtual.com/omeprazol-20-mg-mk-154808/p
2026-10-08,La Rebaja,omeprazol,20 mg,OMEPRAZOLE 20 MG (GENFAR),GENFAR,CAJA X 10 CAP,10,4120,5500,412,https://www.larebajavirtual.com/omeprazole-20-mg-genfar-38063/p
2026-10-08,La Rebaja,omeprazol,20 mg,PROPISOL 20 MG,PROPISOL,CAJA X 20 CAP,20,22080,25100,1104,https://www.larebajavirtual.com/propisol-31091/p
2026-10-08,La Rebaja,omeprazol,20 mg,ULCEPAR OMEPRAZOL 20 MG (COASPHARMA),COASPHARMA,CAJA X 20 TAB,20,11000,11000,550,https://www.larebajavirtual.com/omeprazol-20-mg-coaspharma-17009/p
